model,question,latency_s,input_tokens,output_tokens,total_tokens,answer_preview
gpt-5-nano,List key deliverables in the Development Phase and briefly describe each.,11.922,2111,1994,4105,Key deliverables in the Development Phase (with brief descriptions):  - Business Product   - The primary result of the development effort that satisfies the established requirements and constitutes th
gpt-4o-mini,List key deliverables in the Development Phase and briefly describe each.,3.584,2112,269,2381,"### Key Deliverables in the Development Phase  1. **Business Product:**    - The primary result from the development effort that meets the established requirements. In software development, this inclu"
gpt-4o,List key deliverables in the Development Phase and briefly describe each.,10.539,2112,242,2354,"Based on the provided context, the key deliverables in the Development Phase and their brief descriptions are:  1. **Business Product**: The primary result from the development effort that satisfies t"
gpt-5-nano,What are the responsibilities of the Project Manager during Development?,3.76,2109,361,2470,- Responsible and accountable for the successful execution of the Development Phase. - Responsible for leading the Integrated Project Team that accomplishes the Development Phase activities and delive
gpt-4o-mini,What are the responsibilities of the Project Manager during Development?,3.712,2110,225,2335,The responsibilities of the Project Manager during the Development Phase include:  1. **Successful Execution**: Ensuring the successful execution of the Development Phase. 2. **Leading the Integrated 
gpt-4o,What are the responsibilities of the Project Manager during Development?,1.228,2110,45,2155,The responsibilities of the Project Manager during the Development Phase include:  1. Being responsible and accountable for the successful execution of the Development Phase. 2. Leading the Integrated
gpt-5-nano,What are the exit criteria for the Development Phase?,9.004,2108,1361,3469,"- The exit criterion is to pass the Development Stage Gate Review, which determines readiness to proceed to the Test Phase.  - The VRR supports this by verifying that development testing is complete, "
gpt-4o-mini,What are the exit criteria for the Development Phase?,1.957,2109,120,2229,"The exit criteria for the Development Phase include:  1. Completion of thorough unit/module/software integration testing. 2. Assurance that the Business Product is ready for turnover to the formal, co"
gpt-4o,What are the exit criteria for the Development Phase?,0.817,2109,7,2116,Not specified in the provided context.
